"id","first_name","last_name","gender","film_count"
933,Lewis,Abernathy,M,1
2547,Andrew,Adamson,M,1
2700,William,Addy,M,1
2898,Seth (I),Adkins,M,1
2925,Charles (I),Adler,M,1
3226,Casey,Affleck,M,1
4306,Shigekazu,Aida,M,1
4856,Julliet,Akinyi,M,1
6005,Henri,Alciatore,M,1
6990,Dean,Alexandrou,M,1
7124,Jim,Alfonso,M,1
7817,Carl (I),Allen,M,1
7979,Ivan (I),Allen,M,1
8161,Richard (XV),Allen,M,1
8409,Anthony,Allison,M,1
8412,Bill (I),Allison,M,1
8426,Frankie J.,Allison,M,1
9184,Steve,Altes,M,1
9275,Walter,Altman,M,1
11489,Dion,Anderson,M,1
11547,George (IV),Anderson,M,1
11590,J. Todd,Anderson,M,1
11865,Scott G.,Anderson,M,1
12043,Kris,Andersson,M,1
12508,David (I),Andrews,M,2
12987,Jack (I),Angel,M,1
13553,Joey,Ansah,M,1
14741,Royce D.,Applegate,M,1
14973,Julian,Arahanga,M,1
15068,Raul,Aranas,M,1
15854,Geoffrey,Arend,M,1
15921,Guillaume (II),Aretos,M,1
16669,Alun,Armstrong,M,1
16791,Neil (I),Armstrong,M,1
16844,William (I),Armstrong,M,1
17326,Abraham,Aronofsky,M,1
17433,Alexis,Arquette,M,1
17438,Richmond,Arquette,M,1
17946,Michael,Arturo,M,1
18534,Graham,Ashley,M,1
18638,Richard (II),Ashton,M,1
18826,Edward,Asner,M,1
19123,David (I),Aston,M,1
19873,Rene,Auberjonois,M,1
20565,Mark (III),Austin,M,1
21959,Ryuichiro,Baba,M,1
22188,James,Babson,M,1
22262,Mike,Bacarella,M,1
22489,Joe,Bacino,M,1
22591,Kevin,Bacon,M,9
22669,Michael,Badalucco,M,1
22723,Diedrich,Bader,M,1
23488,Eion,Bailey,M,1
24164,Dylan (I),Baker,M,1
24298,Kenny (I),Baker,M,1
24389,Rick (I),Baker,M,1
24660,Matthew,Balaban,M,1
25103,Christian,Bale,M,1
25293,Jeremy,Ball,M,1
25743,Kirk,Baltz,M,1
26018,John,Bandemer,M,1
26409,Ian,Bannen,M,1
28218,Christopher Daniel,Barnes,M,1
28510,Roy,Barnitt,M,1
29603,Jason,Barry,M,1
29686,Thom,Barry,M,1
30298,Billy,Barty,M,1
31092,Dean,Batchelor,M,1
32474,Joe,Bays,M,1
32648,Scott,Beach,M,1
32842,Lightning,Bear,M,1
32884,Kevin (I),Beard,M,1
33024,Lou,Beatty Jr.,M,1
33582,William (II),Beck,M,1
33865,Andy,Beckwith,M,1
35463,Ned,Bellamy,M,1
35741,Gil,Bellows,M,1
36005,John,Belushi,M,1
36390,Nat,Benchley,M,1
36472,Lawrence,Bender,M,2
36641,Jay (I),Benedict,M,2
37040,David (I),Benn,M,1
38306,Jon (I),Berg,M,1
38626,Loys T.,Bergeron,M,1
38779,Jules,Bergman,M,1
38973,Scott Clark,Beringer,M,1
39044,Xander,Berkeley,M,2
39553,Jay,Bernard,M,1
39860,Steve,Bernie,M,1
41012,Doug,Beswick,M,1
41156,Val,Bettin,M,1
41200,Jack,Betts,M,1
42278,Michael,Biehn,M,1
42960,Stephen,Billington,M,1
43791,John (I),Bishop,M,2
43802,Larry,Bishop,M,1
43842,Stephen (I),Bishop,M,1
43899,John,Bisom,M,1
43926,Richard (II),Bissell,M,1
43967,Joel,Bissonnette,M,1
44737,Abdul,Blackmanwest,M,1
45134,Geoffrey,Blake,M,1
45176,Matty,Blake,M,1
45193,Paul (II),Blake,M,1
45243,Don,Blakely,M,1
46035,Andrew,Blesser,M,1
46276,Bobby,Block,M,1
46793,Stuart,Blumberg,M,1
47366,Ben,Bode,M,1
47448,Wolfgang,Bodison,M,1
47548,Bain,Boehlke,M,1
47858,Hale,Boggs,M,1
48064,Bruce,Bohne,M,1
48468,Bill,Bolender,M,2
48630,Diedrich,Bollman,M,1
49086,Josh,Bond,M,1
49108,Rudy,Bond,M,1
49661,Bruce,Bonnheim,M,1
49922,Mark,Boone Junior,M,2
50085,Tim (I),Booth,M,1
50561,Eric Bruno,Borgman,M,1
51588,Morne,Botes,M,1
52396,Anderson,Bourell,M,1
52913,David,Bowe,M,2
52927,Douglass,Bowen Flynn,M,1
52941,Cameron,Bowen,M,1
52978,Michael (I),Bowen,M,1
53441,Cayden,Boyd,M,1
54608,Eric,Braeden,M,1
54620,Zach,Braff,M,1
54814,Richard,Brake,M,1
54888,Mark,Bramhall,M,1
55108,Larry,Brandenburg,M,2
55174,Marlon,Brando,M,1
55263,Barry,Brandt,M,1
55349,Willy (I),Brandt,M,1
55702,Chuck,Brauchler,M,1
55975,Garrett,Brawith,M,1
56160,Walter,Breaux,M,1
56369,Charles,Brehm,M,1
56513,Ewen,Bremner,M,1
57184,Leonid,Brezhnev,M,1
57333,I.D.,Brickman,M,1
57631,Richard,Bright,M,1
57665,Paul,Brightwell,M,1
57830,Johnny,Brink,M,1
58327,J. Paul,Broadhead,M,1
58481,Stanley,Brock,M,1
58566,Charley,Broderick,M,1
58775,Josh,Brolin,M,1
58871,Paul,Bronk,M,1
59227,Randy (I),Brooks,M,1
59323,Brian,Brophy,M,1
59824,Clancy,Brown,M,1
60384,Phil (I),Brown,M,1
60612,W. Earl,Brown,M,1
61441,Jon,Bruno,M,1
62520,Raymond,Buck,M,1
62556,Jason,Buckham,M,1
63432,Kim,Bullard,M,1
63521,Tom (V),Bullock,M,1
63695,Edward,Bunker,M,1
63813,Cliff,Bura,M,1
64724,Ted,Burnett,M,1
64793,Alex,Burns,M,1
65536,Steve,Buscemi,M,3
65966,Michael,Butcher,M,1
66328,Mike,Butters,M,1
66495,Ezra,Buzzington,M,1
66776,Chris (I),Byrne,M,1
66791,Eddie,Byrne,M,1
66825,Michael (I),Byrne,M,1
67492,James,Caan,M,1
67493,Scott,Caan,M,1
67598,Charles,Cabell,M,1
67599,Earle,Cabell,M,1
67954,John (I),Cadenhead,M,1
68048,Harry,Caesar,M,1
68424,Michael (I),Caine,M,1
68754,Paul,Calderon,M,1
68858,Philip,Caldwell,M,1
69186,Roger,Callard,M,1
69902,Cody,Cameron,M,1
69940,James (I),Cameron,M,1
70137,Hamilton,Camp,M,1
70282,Bruce (I),Campbell,M,1
70588,Sol,Campbell,M,1
70744,Bruno,Campolo,M,1
71116,John,Candy,M,2
71699,Mickey,Cantwell,M,1
71767,Jason Ninh,Cao,M,1
72215,Mark,Capri,M,1
72356,Paul,Carafotes,M,1
73209,Chris,Carley,M,1
73473,Francis M.,Carlson,M,1
73950,Liam,Carney,M,1
74449,David,Carradine,M,2
75195,Price,Carson,M,1
75369,Gary (I),Carter,M,1
76228,Nicholas,Cascone,M,1
76443,Aaron James,Cash,M,1
76653,Marc,Cass,M,1
76739,Vincent,Cassel,M,1
77118,Richard S.,Castellano,M,1
77617,Fidel (I),Castro,M,1
78467,Frank,Cavestani,M,2
78574,John,Cazale,M,1
80345,Barry,Chambers,M,1
81479,John (V),Chapman,M,1
81486,Kevin (I),Chapman,M,1
81499,Mark Lindsay,Chapman,M,1
82770,Don,Cheadle,M,1
82887,Ken,Cheeseman,M,1
84019,Peter,Cheyenne,M,1
84199,Sonny,Chiba,M,1
84795,Jimmy,Chisholm,M,1
84902,Fred,Chiverton,M,1
85253,Arnold,Chon,M,1
85282,Marcus,Chong,M,1
86167,Tory,Christopher,M,1
86866,Carl,Ciarfalio,M,1
86916,Jude,Ciccolella,M,1
87502,Franco,Citti,M,1
87969,Eric (I),Clark,M,1
88262,Spencer Treat,Clark,M,1
88326,William Paul,Clark,M,1
88336,Adam (I),Clarke,M,1
89087,Christian,Clemenson,M,1
89558,George,Clooney,M,2
90307,Hugo,Codaro,M,1
91369,Gary (I),Cole,M,1
91695,Michael (XIII),Coleman,M,1
91835,Daniel,Coli,M,1
92394,Marty (II),Collins,M,1
92556,Frank,Collison,M,1
92815,Sydney 'Big Dawg',Colston,M,1
92907,Vance,Colvig Jr.,M,1
92931,Steven,Colvin,M,1
93441,Tim,Condren,M,1
93623,Jack,Conley,M,1
93689,John (I),Connally,M,1
93883,Brendan,Connolly,M,1
93916,Michael S.,Connolly,M,1
94387,Richard,Conte,M,1
94668,Kevin (I),Conway,M,1
95037,Gregory (I),Cooke,M,1
95298,Christopher E.,Cooper,M,1
95420,John Sherman,Cooper,M,1
95602,Harold E.,Cope Jr.,M,1
95622,Zachary David,Cope,M,1
95766,Barry,Copping,M,1
95789,Carmine,Coppola,M,1
95799,Gian-Carlo,Coppola,M,1
96353,Charles,Cork,M,1
96438,Roger,Corman,M,1
97090,Salvatore,Corsitto,M,1
97507,Ralph,Cosham,M,1
97563,James,Cosmo,M,1
97566,Tony,Cosmo,M,1
98021,Kevin,Costner,M,1
98103,Richard,Cotovsky,M,1
99156,Brian (I),Cox,M,1
99184,Darryl,Cox,M,1
99325,Sidney,Cox,M,1
99351,Willard,Cox,M,1
99401,Joe (I),Coyle,M,1
99597,Chris,Cragnotti,M,1
99685,John D.,Craig,M,1
99941,Simon (I),Crane,M,1
100044,Matt (I),Craven,M,1
100230,Thomas (I),Crawford,M,1
100257,Robert,Cray,M,1
101230,Walter,Cronkite,M,2
101233,David,Cronnelly,M,1
101557,Trevor,Crouch,M,1
101879,Tom,Cruise,M,2
102758,Brett,Cullen,M,1
102882,Joseph,Culp,M,1
103007,Jim,Cummings,M,2
103244,James (I),Cunningham,M,1
103411,James,Curatola,M,1
103548,Phill,Curr,M,1
103728,Tim (I),Curry,M,1
103769,Alfie,Curtis,M,1
103985,Peter,Cushing,M,1
105163,Vincent (I),D'Onofrio,M,1
106131,Goro,Daimon,M,1
106703,Sam (I),Dalton,M,1
107068,Matt,Damon,M,1
107285,Benjamin,Dane,M,1
107524,Joshua,Daniel,M,1
107609,Anthony,Daniels,M,1
107687,J.D.,Daniels,M,1
108006,Cesare,Danova,M,1
109023,James,Daughton,M,1
109357,Elwin 'Chopper',David,M,1
109823,John (IV),Davies,M,1
109892,Robert (V),Davies,M,1
110268,Gary Lee,Davis,M,1
110563,Norman,Davis,M,1
111129,J.C.,Day,M,1
112303,Charles,de Gaulle,M,1
113187,Jesse,De Luna,M,1
114701,Tim,De Zarn,M,1
114899,Loren,Dean,M,1
114951,Robertson,Dean,M,1
115036,Dalton,Dearborn,M,1
115652,Mickey,Dee,M,1
116634,Benicio,Del Toro,M,1
116901,Michael,Delano,M,1
116949,Brian,Delate,M,1
117395,Charlie,Dell,M,1
117653,Michael,DeLorenzo,M,1
118247,Martin (I),Dempsey,M,1
118282,Jeffrey,DeMunn,M,1
118428,Robert A.,Denham,M,1
118548,Tony,Denman,M,1
118569,Barry,Dennen,M,1
118681,Peter,Dennis,M,1
118957,Eugene C.,DePasquale,M,1
119276,Thomas,Derrah,M,1
120124,William,Devane,M,1
121418,Fraser,Diamond,M,1
121453,Peter (I),Diamond,M,1
121475,Warwick,Diamond,M,1
121758,Leonardo,DiCaprio,M,1
122803,Paul (I),Dillon,M,1
123513,Douglas,Dirkson,M,1
124607,Steve,Dodd,M,1
124961,Sean Patrick,Doherty,M,1
125323,John,Doman,M,1
125676,Ron,Donachie,M,1
125700,Liam,Donaghy,M,1
126086,Ray,Donn,M,1
126469,Richard,Doone,M,1
126550,Matt,Doran,M,1
127373,Al Manuel,Douglas,M,1
127395,Brad R.,Douglas,M,1
127498,Jerry (I),Douglas,M,1
127499,Jerry (III),Douglas,M,1
127583,Sam (I),Douglas,M,1
127836,Scott,Dow,M,1
127881,Barry,Dowden,M,1
128274,Brian,Doyle-Murray,M,1
128379,Austin,Drage,M,1
129545,François,du Bois,M,1
130410,Todd,Duffey,M,1
130426,Shay,Duffin,M,1
130918,John (I),Dullaghan,M,1
130922,Allen,Dulles,M,1
130991,Jebidiah R.,Dumas,M,1
131649,Kevin (I),Dunn,M,1
131774,Martin,Dunne,M,1
132506,Charles,Durning,M,1
132963,Robert (I),Duvall,M,1
132969,Wayne,Duvall,M,2
133243,Dale,Dye,M,1
134352,Martin,East,M,1
134737,Rick,Eby,M,1
134784,Freedom,Eche,M,1
134973,James,Ecklund,M,1
135144,Steve (III),Edelman,M,1
135628,Charles (VI),Edwards,M,1
136754,Dwight D.,Eisenhower,M,1
138172,R. Bruce,Elliott,M,1
138178,Robert (II),Elliott,M,1
138258,Chris (I),Ellis,M,1
138312,Greg (II),Ellis,M,1
138351,Jonathan D.,Ellis,M,1
138982,James,Embree,M,1
140049,Michael,Ensign,M,1
140494,Ludwig,Erhard,M,1
141094,Bill,Erwin,M,1
141251,Georg O.P.,Eschert,M,1
141692,Pablo (I),Espinosa,M,1
141883,Ato,Essandoh,M,1
142943,Troy,Evans,M,1
142962,Jonathan,Evans-Jones,M,1
143022,Wayne A.,Evenson,M,1
144260,Blain,Fairman,M,1
144555,Anders (I),Falk,M,1
145053,Tim,Faraday,M,1
145321,Dennis,Farina,M,1
145529,Lonnie,Farmer,M,1
145540,Reginald,Farmer,M,1
145563,John,Farnell,M,1
146642,Hugh,Feagin,M,1
146792,John,Fedevich,M,1
146916,Russ,Fega,M,1
147343,José,Feliciano,M,1
148581,Jorge (II),Fernández,M,1
149274,Martin,Ferrero,M,1
149545,John,Ferus,M,1
150046,Christopher John,Fields,M,2
151186,John (I),Finnegan,M,1
151200,Michael W.,Finnell,M,1
151331,John C.,Fiore,M,1
151533,Siegfried,Fischbacher,M,1
151786,Laurence,Fishburne,M,2
151893,George (III),Fisher,M,1
152175,Mark (I),Fite,M,1
152366,Shawn,Fitzgibbon,M,1
152725,Tommy (I),Flanagan,M,1
153139,Jason,Flemyng,M,1
153207,Edward,Fletcher,M,1
154245,Shawn,Fogarty,M,1
154269,Adam,Fogerty,M,1
154514,Gabriel,Folse,M,1
154923,Jon,Foo,M,1
155121,Alan (I),Ford,M,1
155223,Harrison (I),Ford,M,1
155472,Terry,Forestal,M,1
155704,Anthony (I),Forrest,M,1
155804,Grant,Forsberg,M,1
155930,Edmund Alan,Forsyth,M,1
156020,Millford,Fortenberry,M,1
156523,V.J.,Foster,M,1
156939,Bernard (I),Fox,M,1
157096,Richard (I),Fox,M,1
157570,Christopher,Francis,M,1
157680,Romeo,Francis,M,1
158111,Robert (IV),Frank,M,1
158125,Tony,Frank,M,1
158347,Scott,Franklin,M,1
159225,Alfonso,Freeman,M,1
159290,Issac,Freeman,M,1
159310,John (III),Freeman,M,1
159346,Morgan (I),Freeman,M,2
160178,Barry,Friedman,M,1
161529,Takashi (I),Fujii,M,1
162318,Stephen,Furst,M,1
162721,Thomas,Füri,M,1
163352,Ted,Gagliano,M,1
163629,Corrado,Gaipa,M,1
163807,Michael,Galasso,M,1
163893,Ed,Gale,M,1
163948,Johnny,Galecki,M,1
164729,John William,Galt,M,1
165472,David (I),Gant,M,1
165505,Mark,Gantt,M,1
165721,Victor,Garber,M,1
165825,Andy (I),Garcia,M,1
166835,Jay,Gardner,M,1
166901,Salo,Gardner,M,1
167114,Dave Zee,Garison,M,1
167468,James (IV),Garrett,M,1
167625,Jim (I),Garrison,M,1
167973,Quinn,Gasaway,M,1
168574,James,Gaulke,M,1
168906,Steve,Gawley,M,1
169238,Anthony,Geary,M,1
169408,Robbie,Gee,M,1
169704,Bruce,Gelb,M,1
171349,Leo,Geter,M,1
171524,John,Ghaly,M,1
171937,Sam,Giancana,M,1
172359,Donal,Gibson,M,1
172424,Mel (I),Gibson,M,1
172617,Alec,Gifford,M,1
172669,Werner,Giger,M,1
172814,Peter,Gil,M,1
172915,Ed,Gilbert,M,1
172927,Gary (I),Gilbert,M,1
173008,Ron (I),Gilbert,M,1
173104,Michael,Gilden,M,1
173761,Roswell,Gilpatric,M,1
174206,Tony (I),Giorgio,M,1
174382,Michael,Girardin,M,1
174704,Neil,Giuntoli,M,1
175000,Gil,Glasgow,M,1
175268,Brendan,Gleeson,M,1
175696,Herbert,Glucksman,M,1
175853,Barry,Gnome,M,1
176042,Paul (I),Goddard,M,1
176421,Rusty,Goffe,M,1
176918,Erwin,Goldi,M,1
177746,Matthew,Gonder,M,1
178678,Matthew Michael,Goodall,M,1
178682,Taylor,Goodall,M,1
178720,Dwight,Gooden,M,1
178761,Cuba,Gooding Jr.,M,1
178861,John (I),Goodman,M,1
180149,Thom,Gossom Jr.,M,1
180448,Jim,Gough,M,1
180512,Bill,Gould,M,1
180540,Elliott,Gould,M,1
180543,Geoffrey,Gould,M,1
180650,Anthony,Gounaris,M,1
181071,Topher,Grace,M,1
181392,Gerrit,Graham,M,1
181486,Richard (I),Graham,M,1
181512,Stephen (I),Graham,M,1
181749,Isaac,Grand,M,1
182820,Marc,Gray,M,1
182947,Kenneth,Graymez,M,1
183405,Ivan,Green,M,1
183829,Gordon,Greene,M,1
183894,Peter (I),Greene,M,1
184031,Rick,Greenough,M,1
184173,Kevin Scott,Greer,M,1
184188,William (II),Greer,M,1
184634,Zach,Grenier,M,1
184670,Googy,Gress,M,1
184753,Duane,Grey,M,1
185071,Laurence R.,Griffin,M,1
185657,Joe Lo,Grippo,M,1
185823,Robert J.,Groden,M,1
185836,Max,Grodénchik,M,1
185960,Andrei,Gromyko,M,1
186293,Sonny,Grosso,M,1
186528,Gary,Grubbs,M,1
186652,Ioan,Gruffudd,M,1
186688,Greg,Grunberg,M,1
187811,Christopher,Guest,M,1
188411,Alec,Guinness,M,1
188463,Tom,Guiry,M,1
188640,Sean,Gullette,M,1
189012,Bob,Gunton,M,2
189147,Michael,Gurievsky,M,1
189341,Louis,Guss,M,1
191424,Buddy,Hackett,M,1
192018,Paul,Haggar,M,1
192106,Nik,Hagler,M,1
192139,Garrick,Hagon,M,1
192290,Sid,Haig,M,1
192874,Robert,Haley,M,1
193175,Jack (V),Hall,M,1
193293,Nelson (I),Hall,M,1
193682,Todd (I),Hallowell,M,1
193699,Eldon G.,Hallum,M,1
193995,Craig,Hamann,M,1
194181,Mark (I),Hamill,M,2
194465,Robert,Hamlett,M,1
195126,Ari,Handel,M,1
195384,Larry,Hankin,M,1
195428,Tom,Hanks,M,1
195497,Peter,Hanly,M,1
195778,Barry (II),Hansen,M,1
196459,Nigel,Harbach,M,1
196754,Reg,Harding,M,1
197019,Bobby,Hargis,M,1
197172,John,Harlan,M,1
197630,James N.,Harrell,M,1
197798,Alan (III),Harris,M,1
197824,Baxter,Harris,M,1
197929,Ed (I),Harris,M,1
198505,Robert F.,Harrison,M,1
198544,Todd,Harrison,M,1
199768,Lorenz,Hasler,M,1
199843,Tamer,Hassan,M,1
200155,John (I),Hathaway,M,1
200269,Yasuhiko,Hattori,M,1
200331,Ben,Hauck,M,1
200362,Rutger,Hauer,M,1
200375,Alan,Haufrect,M,1
200896,Jakob,Hawkins,M,1
201013,Phil,Hawn,M,1
201146,Fumihiro,Hayashi,M,1
201256,Sterling,Hayden,M,1
202366,David,Hecht,M,1
202412,Gary A.,Hecker,M,1
204119,Don (II),Henderson,M,1
204475,Drewe,Henley,M,1
204493,Christopher,Henn,M,1
204719,Lance,Henriksen,M,1
205055,Frank,Henson,M,1
205106,Andrew J.,Hentz,M,1
205287,Paul (IV),Herbert,M,1
205392,Richard (I),Herd,M,1
205567,David (I),Herman,M,1
205634,Stanley,Herman,M,1
205863,Jorge R.,Hernandez,M,1
206644,Miles,Herter,M,1
206648,Harold G.,Herthum,M,1
207426,Stephen,Hibbert,M,1
208287,Bernard,Hill,M,1
208323,Clint,Hill,M,1
209006,Scott,Hinds,M,1
209729,Scott,Hislop,M,1
210144,Sid,Hoare,M,1
210153,Jerome Patrick,Hoban,M,1
210799,Jimmy,Hoffa,M,1
210962,Robert (X),Hoffman,M,1
211557,Larry (I),Holden,M,2
211741,Ryan,Holihan,M,1
211832,Erik,Holland,M,1
212283,Ian,Holm,M,1
212771,David (III),Holt,M,1
213555,William,Hootkins,M,1
213580,J. Edgar,Hoover,M,1
213646,William,Hope,M,1
213832,Tim,Hopper,M,1
214094,Roy,Horn,M,1
214150,J.R.,Horne,M,1
214412,Bernard,Horsfall,M,1
214502,John (II),Horton,M,1
214973,Andrew,Houghton,M,1
215190,Gary,Houston,M,1
215312,Michael,Hovinga,M,1
215331,Keith,How,M,1
215405,Clint,Howard,M,1
215493,Jeff (VII),Howard,M,1
215595,Rance,Howard,M,1
215640,Tom (II),Howard,M,1
215780,Arthur (II),Howell,M,1
216347,Xiaohui,Hu,M,1
216473,Martin,Hub,M,1
216951,Zach,Hudson,M,1
217399,Michael (VII),Hughes,M,1
217405,Miko,Hughes,M,1
217663,Tom,Hulce,M,1
217669,Endre,Hules,M,1
217950,Hubert H.,Humphrey,M,1
218133,Bob,Hungerford,M,1
219643,Jonathan,Hyde,M,1
220339,Peter,Iacangelo,M,1
220634,Luis,Icaza,M,1
221162,Yumi,Ikeda,M,1
221431,Tommy,Ilsley,M,1
221889,Angelo,Infanti,M,1
222947,Ronald,Isaac,M,1
223383,J.C.,Islander,M,1
224034,George,Ivey,M,1
224682,Doug (I),Jackson,M,1
224799,Jesse (I),Jackson,M,1
224819,John M.,Jackson,M,1
224828,Joshua,Jackson,M,1
224852,Kyle Scott,Jackson,M,1
224998,Ron (I),Jackson,M,1
225014,Samuel L.,Jackson,M,2
226351,Emmett,James,M,1
226391,Grant (I),James,M,1
226488,Lennie,James,M,1
227732,Gabriel,Jarret,M,1
227836,Martin,Jarvis,M,1
228167,Steve,Jay,M,1
228435,Herb,Jefferson Jr.,M,1
228721,Eddie,Jemison,M,1
229140,David (II),Jensen,M,1
229667,DeWayne,Jessie,M,1
230490,Darren,Joel,M,1
230528,Rudy,Joffroy,M,1
231223,Chris (IV),Johnson,M,1
231719,Lyndon (I),Johnson,M,1
232111,William (I),Johnson,M,1
232212,J.J.,Johnston,M,1
232234,Joe (I),Johnston,M,1
233082,James Earl,Jones,M,1
233163,John Randolph,Jones,M,1
233402,Orlando,Jones,M,1
233574,Seth Adam,Jones,M,1
233656,Tommy Lee,Jones,M,1
233693,Vinnie,Jones,M,1
234067,Oscar,Jordan,M,1
234872,John (IX),Joyce,M,1
235073,John (III),Judd,M,1
235110,Mike (I),Judge,M,1
235260,Chuck,Julian,M,1
240277,Daniel,Kash,M,1
241342,John (I),Kavanagh,M,1
241542,Hiroshi (I),Kawashima,M,1
241719,Joe,Kaye,M,1
241906,John,Kazek,M,1
242102,Charlie,Kearns,M,1
242176,Ryan,Keating,M,1
242646,Michael,Kehoe,M,1
242760,Harvey,Keitel,M,2
242845,Warren (I),Keith,M,1
242968,J.D.,Kelleher,M,1
243104,Roy,Kellerman,M,1
243306,Craig (II),Kelly,M,1
243383,George (II),Kelly,M,1
243428,Jason (III),Kelly,M,1
243490,M.G.,Kelly,M,1
243553,Phil (I),Kelly,M,1
243869,Ken,Kemp,M,1
243897,Tom (I),Kemp,M,1
243963,Victor,Kempster,M,1
244175,John,Kennedy Jr.,M,1
244292,John F.,Kennedy,M,1
244298,Joseph P.,Kennedy,M,1
244351,Mike (VI),Kennedy,M,1
244368,Paul (I),Kennedy,M,1
244402,Robert F.,Kennedy,M,1
244421,T.J.,Kennedy,M,1
244423,Ted (I),Kennedy,M,1
244497,Douglas,Kenney,M,1
244575,Tony (I),Kenny,M,1
244787,Jimmy,Keogh,M,1
244826,John,Kepley,M,1
245499,Alan R.,Kessler,M,1
246659,Nikita,Khrushchev,M,1
247608,Joon B.,Kim,M,1
248284,Chris Thomas,King,M,1
248525,Martin Luther,King,M,1
248904,Jari (I),Kinnunen,M,1
249760,James,Kisicki,M,1
249940,Kazuki,Kitamura,M,1
249944,Nobuhiko,Kitamura,M,1
250001,Colin Michael,Kitchens,M,1
250025,Nao,Kitman,M,1
250281,Jack,Klaff,M,1
251175,Vladimir,Klitschko,M,1
251351,Jeffrey,Kluger,M,1
251881,Travis (I),Knight,M,1
251891,Wayne (I),Knight,M,1
251911,Christopher,Knights,M,1
253952,Ryo,Kondo,M,1
254667,Tommy,Kordick,M,1
255239,Christopher,Kosiciuk,M,1
256240,Edward (I),Kowalczyk,M,1
256402,Mark,Kozelek,M,1
256972,Charlie,Kranz,M,1
258441,Scott,Krueger,M,1
259004,Mark,Kubiak,M,1
260069,Jun,Kunimura,M,1
260427,Michael,Kuroiwa,M,1
260737,Naomi,Kusumi,M,1
261960,Joe,La Due,M,1
262141,Charles,La Russa,M,1
263645,Martin (I),Laing,M,1
264162,Phil,LaMarr,M,1
264716,Jim,Lampley,M,1
264813,James,Lancaster,M,1
265558,Anthony,Lang,M,1
265918,Odin K.,Langford,M,1
266236,Edward G.,Lansdale,M,1
266368,Rob,Lanza,M,1
267122,John,Larroquette,M,1
267297,William,Larsen,M,1
268301,John (I),Laughlin,M,1
269124,Peter,Lawford,M,1
269196,Sean,Lawlor,M,1
269326,Harry (I),Lawrence,M,1
269401,Matthew (I),Lawrence,M,1
269453,Steve (I),Lawrence,M,1
269536,Denis,Lawson,M,1
270444,Derek,Lea,M,1
270527,Richard,Leaf,M,1
271316,Bernard,Ledger,M,1
271396,Nathaniel,Lee Jr.,M,1
271849,Jason (I),Lee,M,1
272379,Tommy (VI),Lee,M,1
272456,Zachary,Lee,M,1
272557,John,Lees,M,1
272703,Tim,Leffman,M,1
272853,David,Legeno,M,2
272971,Adam,LeGrant,M,1
273276,Ron,Leibman,M,1
273506,David,Leitch,M,1
273819,Curtis,LeMay,M,1
273956,Jack,Lemmon,M,1
274282,Thomas (III),Lennon,M,1
274881,Richard,LeParmentier,M,1
274897,Ray,LePere,M,1
275713,Jared,Leto,M,1
275761,Al,Lettieri,M,1
275842,Ken (I),Leung,M,1
276083,Jay,Levey,M,1
276920,Gus,Lewis,M,1
277029,Lennox,Lewis,M,1
277250,David,Lewison,M,1
277813,Brian,Libby,M,1
278406,Richard,Lifschutz,M,1
278501,Michael,Lightsey,M,1
279222,Chandler,Lindauer,M,1
279903,Van,Ling,M,1
280303,Jeff,Lipman,M,1
280383,Andrew,Lipschultz,M,1
280540,Gaetano,Lisi,M,1
280561,Laine,Liska,M,1
280713,John,Lithgow,M,2
280984,Chia Hui,Liu,M,2
281238,Ron,Livingston,M,1
281243,Tyrone R.,Livingston,M,1
282065,John (II),Locke,M,1
282244,Henry Cabot,Lodge,M,1
282610,Spain,Logue,M,1
282845,David S.,Lomax,M,1
283456,Mike,Longman,M,1
283561,Shep,Lonsdale,M,1
283663,Dean,Lopata,M,1
284337,Scotch Ellis,Loring,M,2
284742,Jonathan,Loughran,M,1
284829,Todd,Louiso,M,1
285134,Jim,Lovell,M,1
285368,Lawrence,Lowe,M,1
287087,Patrice,Lumumba,M,1
287224,Morgan,Lund,M,1
287321,Jacob Neal,Lunders,M,1
288254,Will,Lyman,M,1
288312,Don (II),Lynch,M,1
288354,John Carroll,Lynch,M,1
288752,Austin,Lysy,M,1
288772,K. Todd,Lytle,M,1
289830,Bernie,Mac,M,1
289909,James (I),MacArthur,M,1
290194,Ryan (I),MacDonald,M,1
290329,Frank,Macetta,M,1
290341,Angus,Macfadyen,M,1
290708,Angus,MacInnes,M,1
290848,Kevin Scott,Mack,M,1
291110,Andrew,Mackin,M,1
291564,William H.,Macy,M,1
292028,Michael (I),Madsen,M,3
292379,Ken,Magee,M,1
292742,Augusto,Magoni,M,1
292815,George,Maguire,M,1
293066,Kabir,Mahjoori,M,1
293993,Jun,Maki,M,1
294667,Joshua,Malina,M,1
295164,Peter (I),Maloney,M,1
295515,Method,Man,M,1
296048,Alf,Mangan,M,1
296549,Scott (I),Mann,M,1
296907,J.P.,Manoux,M,1
296955,Clint,Mansell,M,1
297105,Paul,Mantee,M,1
297473,William,Mapother,M,1
297612,Adam,Maras,M,1
297613,Bob,Maras,M,1
298555,Noah,Margetts,M,1
298615,Mark,Margolis,M,1
298874,Jason,Marin,M,1
299076,Nicholas,Marino,M,1
299436,Brian,Markinson,M,1
299756,Ben,Marley,M,1
299764,John,Marley,M,1
299922,Akaji,Maro,M,1
300405,Kenneth,Mars,M,1
300498,Charles (II),Marsh,M,1
300701,James (I),Marshall,M,1
300784,Robert (II),Marshall,M,1
301208,B.J.,Martin,M,1
301244,Brad (I),Martin,M,1
301555,John C.,Martin,M,1
301563,Johnny (I),Martin,M,1
301810,Steve (I),Martin,M,1
302252,Lou,Martini Jr.,M,1
302307,Al,Martino,M,1
302319,John (I),Martino,M,1
304444,Owen,Masterson,M,1
304920,Tim (I),Matheson,M,1
304966,John M.,Mathews,M,2
305678,Walter,Matthau,M,1
305705,Al,Matthews,M,1
306573,Brad,Mavis,M,1
306623,James,Mawhinney,M,1
306790,Paul (I),Maxwell,M,1
306942,Seth Michael,May,M,1
307200,Peter (II),Mayhew,M,1
307236,Jeff (I),Maynard,M,1
307547,Stan,Mazin,M,1
308329,Holt,McCallany,M,1
308366,Rick (I),McCallum,M,1
308540,Eugene (III),McCarthy,M,1
308572,Kevin (I),McCarthy,M,1
308631,Sean (I),McCartin,M,1
308971,John J.,McCloy,M,1
309010,Marc (I),McClure,M,1
309156,John (I),McConnell,M,1
309251,J. Patrick,McCormack,M,1
309501,Paul,McCrane,M,1
309571,Alex,McCrindle,M,1
309697,Grant,McCune,M,1
310030,Mac (I),McDonald,M,1
310474,Colin (I),McFarlane,M,1
310708,Bruce,McGill,M,1
310765,John C.,McGinley,M,1
310769,Sean,McGinley,M,1
310781,Russ,McGinn,M,1
310868,Patrick,McGoohan,M,1
310883,Barry,McGovern,M,1
310903,Michael (I),McGovern,M,1
311597,Tim,McIntyre,M,1
311663,David (II),McKay,M,1
311756,Michael,McKean,M,1
311828,Mark,McKeel,M,1
312231,Ray,McKinnon,M,2
312299,Rod,McKuen,M,1
312623,Errol,McLendon,M,1
312773,Liam,McMahon,M,1
312806,Don (I),McManus,M,1
312961,Patrick,McMullen,M,1
313126,Pat (I),McNamara,M,1
313131,Robert (I),McNamara,M,1
313569,Michael (I),McShane,M,1
313583,Gerard,McSorley,M,1
313916,Nick,Meaney,M,1
313930,Randy,Means,M,1
313969,Dean,Measor,M,1
314365,Frank,Medrano,M,1
315810,Larry,Melton,M,1
316965,Larry,Merchant,M,1
317829,Jim,Meskimen,M,1
318099,Mark,Metcalf,M,1
318673,Eric (II),Meyers,M,1
318718,Rusty,Meyers,M,1
318797,Lou,Meza,M,1
319724,Patrick,Mickler,M,1
319795,Clark,Middleton,M,1
319868,Hikaru,Midorikawa,M,1
320748,Andy,Milder,M,1
320846,Mack,Miles,M,1
320960,Tomas,Milian,M,1
321300,Chris (III),Miller,M,1
321301,Chris (VII),Miller,M,1
321383,Dick (I),Miller,M,1
321731,Matt (II),Miller,M,1
322384,Zeke,Mills,M,1
322781,Kazuyoshi,Minamimagoe,M,1
323181,Willie,Minor,M,1
323403,Evan,Mirand,M,1
324334,Red (II),Mitchell,M,1
325101,Robert (I),Mobbs,M,1
325748,John,Moio,M,1
327340,Lenny,Montana,M,1
327456,Sal,Monte,M,1
328248,Jeff,Moon,M,1
328405,Bennie,Moore,M,1
330833,Yoshiyuki,Morishita,M,1
332260,Ryan B.,Moschetti,M,1
332724,Mohammed,Mossadegh,M,1
332893,Akira,Motomura,M,1
334370,Peter,Mullan,M,1
335034,Jan,Munroe,M,2
335368,Bill,Murdoch,M,1
335617,Cillian,Murphy,M,1
335657,Eddie (I),Murphy,M,1
335689,Gerard (II),Murphy,M,1
335791,Martin (I),Murphy,M,1
335829,Patrick (IV),Murphy,M,1
335955,Bill (I),Murray,M,1
336279,John,Murtagh,M,1
336283,James,Murtaugh,M,1
337097,Mike,Myers,M,1
338314,Joseph,Nadell,M,1
338797,Ajay,Naidu,M,2
338938,Tetsuro,Naka,M,1
339292,Kanako,Nakazato,M,1
339994,Akimitsu,Naruyama,M,1
340538,Geoffrey,Nauffts,M,1
341012,Larry,Nazimek,M,1
341134,Edwin,Neal,M,1
341480,Liam,Neeson,M,1
341916,Adam (I),Nelson,M,1
341985,Christopher Allen,Nelson,M,2
341991,Clifford,Nelson,M,1
342248,Sandy (II),Nelson,M,1
342280,Tim Blake,Nelson,M,1
342443,Sean,Nepita,M,1
342939,Larry,Neumann Jr.,M,1
343346,Ron (I),Newell,M,1
343482,John M.,Newman,M,1
343502,Mark D.,Newman,M,1
343714,Wayne,Newton,M,1
343930,Dinh Diem,Ngo,M,1
344454,Jack,Nicholson,M,1
346233,Daniel,Niswander,M,1
346397,Richard,Nixon,M,1
346988,Paul L.,Nolan,M,1
347118,Kunichi,Nomura,M,1
347754,Lance,Norris,M,1
347922,Alex,Norton,M,1
347943,Edward (I),Norton,M,1
348858,Danny,Nucci,M,1
349878,Paul,O'Boyle,M,1
349905,Patrick (I),O'Brian,M,1
349915,Austin,O'Brien,M,1
349941,Conan,O'Brien,M,1
350069,Niall,O'Brien,M,1
350285,Ruary,O'Connell,M,1
350358,David (I),O'Connor,M,1
350741,Conor,O'Farrell,M,1
350889,David (I),O'Hara,M,1
350939,Denis,O'Hare,M,1
350997,Ed,O'Keefe,M,1
351075,Jer,O'Leary,M,1
351253,Mike (II),O'Neal,M,1
351274,Stephen,O'Neil Martin,M,1
352931,Kenji,Ohba,M,1
353175,Yuji,Okabe,M,1
353656,Gary,Oldman,M,2
354484,Bjørn (I),Olsen,M,1
354791,Willem,Oltmans,M,1
356562,Louis,Ortiz,M,1
356699,Bob,Orwig,M,1
357320,Ron,Ostrow,M,1
358426,Kevin,Owers,M,1
358535,Michael,Ozag,M,1
358555,Robert,Ozasky,M,1
358968,Al,Pacino,M,1
358984,Gene,Pack,M,1
359448,Oliver,Page,M,1
359477,T. Bruce,Page,M,1
359632,Shah Mohammed Reza,Pahlavi,M,1
360502,Gary (I),Palmer,M,1
360793,Lew,Palter,M,1
361482,Joe,Pantoliano,M,2
361582,Connor,Paolo,M,1
362075,John,Paragon,M,1
362717,Steve (I),Park,M,1
362802,Anthony Ray,Parker,M,1
362817,Brad (I),Parker,M,1
363245,James,Parks,M,1
363257,Michael (I),Parks,M,2
363615,Anthony,Parrulli,M,1
363724,Jim (II),Parsons,M,1
364719,Robert,Paterson,M,1
365287,Frank (III),Patton,M,1
366173,Bill,Paxton,M,3
366618,Guy (I),Pearce,M,1
366696,Stephen,Pearlman,M,1
366715,Clive,Pearse,M,1
366808,Malachi,Pearson,M,1
366832,Shaun,Pearson,M,1
366884,Michael,Peavey,M,1
367071,Joe,Pecoraro,M,1
367572,Todd,Peirce,M,1
367646,Gregory,Pekar,M,1
368399,Chris (I),Penn,M,2
368424,Sean,Penn,M,1
368457,Ted,Pennebaker,M,1
368628,Del,Pentecost,M,1
369198,Marco,Perella,M,1
369461,Timothy Paul,Perez,M,1
370374,John,Perryman,M,1
370660,Joe,Pesci,M,1
371050,Robert (I),Peters,M,1
371393,Lorne,Peterson,M,1
371745,George,Petrie,M,1
372035,Rick,Petrucelli,M,1
372149,Dan (I),Pettersson,M,1
373005,Emo,Philips,M,1
373241,Jonathan (I),Phillips,M,1
373998,Bill,Pickle,M,1
374730,Gary,Pike,M,1
374784,Joseph,Pilato,M,1
375500,Mark,Pinter,M,1
376249,Brad,Pitt,M,3
376350,Greg (II),Pitts,M,1
376648,Tony,Plana,M,1
378220,Antonio,Polk,M,1
378277,Kevin,Pollak,M,1
378476,Alan,Polonsky,M,1
378578,Stevo,Polyi,M,3
378974,J.T.,Pontino,M,1
379198,Manley,Pope Jr.,M,1
380135,Justin,Possenti,M,1
380938,Marcus,Powell,M,1
381097,David F.,Powers,M,1
381107,Francis Gary,Powers,M,1
381992,Harve,Presnell,M,1
382123,J.A.,Preston,M,1
382324,Steve F.,Price Jr.,M,1
383394,Ray,Proscia,M,1
383529,David,Proval,M,2
383596,David,Prowse,M,1
384513,John,Pungitore,M,1
384778,Jack,Purvis,M,1
384898,Duncan,Putney,M,1
385452,Miguel (I),Pérez,M,1
385663,Shaobo,Qin,M,1
385911,Van,Quattro,M,1
386627,Luke,Quinton,M,1
387921,Joseph,Ragno,M,1
388301,David,Raiport,M,1
388511,Cliff,Rakerd,M,1
388899,Anthony (I),Ramirez,M,1
389753,Chad,Randau,M,1
390093,Steve,Rankin,M,1
390454,Jim,Raqelin,M,1
390972,A. Ray,Ratliff,M,1
392562,Ray,Redd,M,1
392613,Brian,Reddy,M,1
392666,H.E.D.,Redford,M,1
392786,Markus,Redmond,M,1
393119,Richard (III),Reed,M,1
393147,Steve,Reed,M,1
393411,Keanu,Reeves,M,1
393449,Steve,Reevis,M,1
393971,Mike (I),Reid,M,1
394020,Rob,Reider,M,1
394261,Carl,Reiner,M,1
394283,Tracy,Reiner,M,1
394516,Paul,Reiser,M,1
394821,Calvin,Remsberg,M,1
394992,Victor,Rendina,M,1
395021,John (I),Reneau,M,1
395093,Chris,Renna,M,1
395132,Callum Keith,Rennie,M,1
395522,Joe,Restivo,M,1
396079,Rupert,Reyes,M,1
396528,Ving,Rhames,M,1
396814,Ralph,Riach,M,1
397039,Giovanni,Ribisi,M,1
397623,Bill (III),Richards,M,1
397635,Burt,Richards,M,1
397770,Michael (I),Richards,M,1
397809,Sal,Richards,M,1
398679,Frank,Ridley,M,1
398789,Peter,Riegert,M,1
398802,Richard,Riehle,M,1
398869,Armando,Riesco,M,1
398943,Ron,Rifkin,M,1
398944,Steve,Rifkin,M,1
399230,Gary (I),Riley,M,1
399367,Shane,Rimmer,M,1
400031,Guy,Ritchie,M,1
400164,James (I),Ritz,M,1
400872,Linus,Roache,M,1
401104,Tim (I),Robbins,M,2
401895,George R.,Robertson,M,1
402212,Chris (II),Robinson,M,1
402340,James (II),Robinson,M,1
402481,Raymone,Robinson,M,1
402498,Robby,Robinson,M,1
402568,Troy,Robinson,M,1
402708,John,Robotham,M,1
402830,Alex,Rocco,M,1
403151,Nelson,Rockefeller,M,1
403180,David,Rockit Hynes,M,1
403345,Kevin,Roden,M,1
403501,Alex,Rodine,M,1
404379,David C.,Roehm Sr.,M,1
405572,Mark,Rolston,M,2
406571,Michael,Rooker,M,1
406711,Stephen (I),Root,M,2
406907,Thomas,Rosales Jr.,M,1
406968,José Ramón,Rosario,M,1
406971,Marcio,Rosario,M,1
407154,Jim (I),Rose,M,1
407308,Johnny,Roselli,M,1
407465,Arthur,Rosenberg,M,1
407892,Tom,Rosqui,M,1
408215,Ricco,Ross,M,1
408902,Tim,Roth,M,2
409131,George,Roubicek,M,1
409474,Jimmy,Roussounis,M,1
409790,Oscar,Rowland,M,1
410850,Roman,Rudenko,M,1
411006,Reed,Rudy,M,1
411200,Steve,Ruge,M,1
412221,Kurt (I),Russell,M,1
412279,Richard (II),Russell,M,1
412398,Gianni (I),Russo,M,1
412451,Perry R.,Russo,M,1
412573,Robert,Ruth,M,2
412682,Richard,Rutowski,M,1
413114,Will,Ryan,M,1
414502,Robin,Sachs,M,1
414705,William (I),Sadler,M,1
414913,Dr. Anatoly M.,Sagalevitch,M,1
415630,Yumika,Saki,M,1
415674,Matthew,Saks,M,1
416655,Tony,Salome,M,1
418173,Jay O.,Sanders,M,1
418701,Jonathan,Sanger,M,1
420051,Oren,Sarch,M,1
420479,Peter,Sarsgaard,M,1
420990,Sakichi,Satô,M,1
421660,Joe,Savino,M,1
422368,Jeffrey,Scaperrotta,M,1
422784,Steven I.,Schafer,M,1
424672,Peter,Schmitz,M,1
425137,Leslie,Schofield,M,1
425670,Fred,Schruers,M,1
425938,Armand,Schultz,M,1
426251,Tom,Schuster,M,1
426293,Laurent,Schwaar,M,1
426450,Jon (I),Schwartz,M,1
426461,Lloyd,Schwartz,M,1
426496,Scott L.,Schwartz,M,1
426649,Kurt,Schweickhardt,M,1
427337,Chris (III),Scott,M,1
427695,Nathan (II),Scott,M,1
427835,Timothy (I),Scott,M,1
427898,William,Scott-Masson,M,1
427924,Vito,Scotti,M,1
429205,Ray,Seiden,M,1
429374,John,Seitz,M,1
429501,Haile,Selassie,M,1
430428,Arthur,Senzy,M,2
430641,Rade,Serbedzija,M,2
431679,Brent,Sexton,M,1
431701,Merlyn,Sexton,M,1
432677,Michael (V),Shannon,M,1
433068,Duane,Sharp,M,1
433731,Patrick (III),Shea,M,1
433904,Martin,Sheen,M,1
434249,Kent,Shelton,M,1
434338,Ben (II),Shenkman,M,1
434562,Sy,Sher,M,1
435124,Kazuko (I),Shibata,M,1
435165,Andrew,Shield,M,1
435264,Osamu,Shigematu,M,1
435415,Tetsuro,Shimaguchi,M,1
435526,Asuka,Shimuzu,M,1
436214,Gary,Shorelle,M,1
436258,John,Short,M,1
436358,David M.,Shoup,M,1
438105,Gregory,Silva,M,1
438109,Henry,Silva,M,1
438134,Jorge (II),Silva,M,1
438265,Trinidad,Silva,M,1
439346,Fred,Simonds,M,1
439574,Robert,Simper,M,1
440072,Jeremy,Sinden,M,1
440526,Gary,Sinise,M,1
441022,Emil,Sitka,M,1
441120,Frank,Sivero,M,1
441300,Curt,Skaggs,M,1
441304,Jimmie F.,Skaggs,M,1
441312,Bix,Skahill,M,1
441610,Michael,Skipper,M,1
442103,Max Elliott,Slade,M,1
442667,Joey,Slotnick,M,1
443171,Eddie Bo,Smith Jr.,M,1
443594,David Lee,Smith,M,1
443599,Dean (I),Smith,M,1
444015,Jim (I),Smith,M,1
444634,Simon J.,Smith,M,1
444656,Stephen Wolfe,Smith,M,1
445127,Tim,Snay,M,1
445208,Roy,Snell,M,1
445292,Ed,Snodderly,M,1
445758,Steven,Soderbergh,M,1
445788,Ronn,Soeda,M,1
447116,David (II),Sontag,M,1
447119,Larry,Sontag,M,1
447419,Aaron,Sorkin,M,1
447813,Michael,Sottile,M,1
448453,Timothy,Spall,M,1
448529,Joe (I),Spano,M,1
449070,Brad (I),Spencer,M,1
449381,Alvin,Spicuzza,M,1
449430,Steven,Spielberg,M,1
449574,Joe,Spinell,M,1
450598,John,St. Paul,M,1
451797,Joe (II),Stapleton,M,1
452242,Jason,Statham,M,1
452549,Trevor,Steedman,M,2
452722,Richard (I),Steele,M,1
452774,David (I),Steen,M,1
452838,Burr,Steers,M,2
453151,Ben,Stein,M,1
453751,Gregory,Stenson,M,1
453799,Yuri (II),Stepanov,M,1
453895,Cliff,Stephens,M,1
454061,Robert J.,Stephenson,M,1
454105,Jodiviah,Stepp,M,1
454171,Andrei,Sterling,M,1
454860,Adlai,Stevenson,M,1
454993,Emanuel,Steward,M,1
455151,Ewan (I),Stewart,M,1
455851,George,Stock,M,1
456190,Murray,Stokes,M,1
456302,Christian,Stolte,M,1
456313,Eric,Stoltz,M,1
456609,Sean,Stone,M,1
456655,Sam,Stoneburner,M,1
456885,Peter,Stormare,M,1
457189,David,Strahlberg,M,1
457215,Roy,Straite,M,1
457224,Mark,Straker,M,1
457325,Mark (I),Strange,M,1
458852,Peter,Sturgeon,M,1
459441,Shun,Sugata,M,1
460006,Darius A.,Sultan,M,1
460144,John E.,Summers,M,1
460159,Neil,Summers,M,1
460215,Peter,Sumner,M,1
460895,Donald (I),Sutherland,M,2
460917,Kiefer,Sutherland,M,1
461413,Bo,Svenson,M,1
462470,John,Sylla,M,1
462473,Tom,Sylla,M,1
462628,The Great John,Sypolt,M,1
462782,Peter,Szakacs,M,1
462918,Béla,Szedlák,M,1
462919,Ferenc,Szedlák,M,1
464470,Gary,Taggart,M,1
464554,John,Taheny,M,1
464555,Michael,Taheny,M,1
464800,Ikuko,Takahashi,M,1
464802,Issei,Takahashi,M,1
464989,Noguchi,Takayuki,M,1
465155,Kei,Takyo,M,1
465353,Alan,Tall,M,1
465884,Koichi (I),Tanaka,M,1
465932,Yoji,Tanaka,M,1
466074,Tony,Tang,M,1
466585,Quentin,Tarantino,M,2
467346,Anthony,Taurasi,M,1
467518,David,Tawil,M,1
468060,Maxwell,Taylor,M,1
468102,Noah,Taylor,M,1
468167,Robert (VII),Taylor,M,1
468177,Rocky (I),Taylor,M,1
469043,Michael,Telmont,M,1
469664,Leonard,Termo,M,1
470693,Mick,Theo,M,1
471342,David Jean,Thomas,M,1
471769,Rohn,Thomas,M,1
471961,Reece P.,Thompson III,M,1
472335,Mel,Thompson,M,1
472651,Cameron,Thor,M,1
472909,Bill,Thorpe,M,1
473634,Lawrence,Tierney,M,1
473636,Malcolm,Tierney,M,2
473853,Andy,Till,M,1
474363,Wayne,Tippet,M,1
474368,Phil,Tippett,M,1
474375,Tip,Tipping,M,1
474386,Ken,Tipton,M,1
474882,Stephen,Tobolowsky,M,1
474929,Lee,Tockar,M,1
474979,Bryan (II),Todd,M,1
475069,Yann,Toderi,M,1
475243,Jonathan,Togo,M,1
476429,Carl,Toop,M,1
476507,Velibor,Topic,M,1
476935,Gabriele,Torrei,M,1
477860,Cy,Town,M,1
478676,John,Travolta,M,1
480062,R. Gern,Trowbridge,M,1
480247,Mark Rafael,Truitt,M,1
481290,Burnell,Tucker,M,1
481376,Paul (IV),Tucker,M,1
481628,Henry,Tull III,M,1
481747,Tom (I),Tumminello,M,1
481840,Liam,Tuohy,M,1
482416,Rich,Turner,M,2
482608,John,Turturro,M,1
482854,Stephen,Twigger,M,1
483095,Charles,Tyner,M,1
484554,Morgan (I),Upton,M,1
484826,Vern,Urich,M,1
484994,Saro,Urzì,M,1
486314,David,Valenza,M,1
488059,Brian,Van Kay,M,1
488446,Robin,Van Sharner,M,1
489206,Rupert,Vansittart,M,1
489225,Ed,Vantura,M,1
490334,Ned,Vaughn,M,1
492299,Conrad (I),Vernon,M,1
492316,John (I),Vernon,M,1
493025,Eric A.,Vicini,M,1
493665,Jean-Paul,Vignon,M,1
493680,Abe,Vigoda,M,1
494565,Pruitt Taylor,Vince,M,1
495184,Buzz,Visconti,M,1
495778,Matthew,Vlahakis,M,1
496062,David (I),Vogt,M,1
496490,Daniel,von Bargen,M,1
496708,Martin,von Haselberg,M,1
496736,Walter,von Huene,M,1
496762,Ronald,von Klaussen,M,1
497962,Francisco,Váldez,M,1
498433,Henry M.,Wade,M,1
498580,Rowland,Wafford,M,1
498933,Robert,Wahlberg,M,1
499298,John,Walcutt,M,1
499566,Christopher,Walken,M,1
499967,Stephen Eugene,Walker,M,1
500302,Ryan (III),Wallace,M,1
500331,Eli,Wallach,M,1
500661,Bobby,Walsh,M,1
500666,Brian (II),Walsh,M,1
500731,J.T.,Walsh,M,1
501054,Jerry,Walters,M,1
501075,Mark Edward,Walters,M,1
501285,Hal,Wamsley,M,1
501947,Larry (I),Ward,M,1
501954,Lyman,Ward,M,1
502063,Vincent (II),Ward,M,1
502344,David (I),Warner,M,1
502519,Earl (I),Warren,M,1
502551,Jim (II),Warren,M,1
502910,Lou B.,Washington,M,1
503070,Gedde,Watanabe,M,1
503088,Ken (I),Watanabe,M,1
503188,Wilson,Waters Jr.,M,1
503427,Barry (I),Watson,M,1
503450,Cameron (I),Watson,M,1
504229,Lee (II),Weaver,M,1
504272,Hugo,Weaving,M,1
504861,Harold,Weed,M,1
505031,Stephen,Wehmeyer,M,1
505244,Robert,Weil,M,1
505496,Jerry,Weintraub,M,1
505511,Andrew,Weir,M,1
505706,Jeff (I),Weiss,M,1
505762,Robert K.,Weiss,M,1
506000,Scott,Welch,M,1
506067,Frank,Welker,M,1
507014,Don,Wescott,M,1
507232,Jim (I),West,M,1
507342,Shane,West,M,1
507612,Bill (I),Weston,M,1
507646,Michael (I),Weston,M,1
507810,Alex,Wexo,M,1
507903,Frank,Whaley,M,2
508087,John (I),Wheeler,M,1
508109,Mark (I),Wheeler,M,1
508288,Duane,Whitaker,M,1
508359,Adryn,White,M,1
508419,Buck,White,M,1
508688,Kenneth (I),White,M,1
508880,Stanley,White,M,1
508895,Tam,White,M,1
509261,James,Whitmore,M,1
509410,Gene,Whittington,M,1
509502,Mal,Whyte,M,1
509689,James,Widdoes,M,1
510458,Bates,Wilder,M,1
510575,Michael Shamus,Wiles,M,1
510918,Tom (I),Wilkinson,M,1
511078,Jhaemi,Willens,M,1
511354,Chalon,Williams,M,1
511760,Joe (IV),Williams,M,1
511867,Larry (XII),Williams,M,1
511973,Mykal Wayne,Williams,M,1
512212,Steve 'Spaz',Williams,M,1
512541,Bruce,Willis,M,1
512626,Phillip L.,Willis,M,1
512688,Mark,Willms,M,1
512793,Paul (I),Willson,M,1
513645,Garth,Wilton,M,1
513705,Brian,Wimmer,M,1
513863,William,Windom,M,1
514278,Matt (I),Winston,M,1
514454,Scott,Winters,M,1
514908,Joseph,Witt,M,1
514911,Louis Steven,Witt,M,1
514922,Rowan,Witt,M,1
515526,George C.,Wolfe,M,1
516466,Fred,Wood,M,1
516641,Tom (II),Wood,M,1
516846,Tom,Woodruff Jr.,M,1
517076,Randy,Woodside,M,1
517126,John R.,Woodward,M,1
517132,Lawrence,Woodward,M,1
517767,Ben (I),Wright,M,1
517793,Bruce (I),Wright,M,1
518067,Samuel E.,Wright,M,1
518086,Steven (I),Wright,M,1
518563,Noah,Wyle,M,1
518624,Nicholas,Wyman,M,1
518701,Angus G.,Wynne III,M,1
518886,Malcolm,X,M,1
519486,Kazuo,Yamada,M,1
519545,Akira (II),Yamaguchi,M,1
519687,Satoshi,Yamanaka,M,1
520090,'Weird Al',Yankovic,M,1
520254,Derek,Yardley,M,1
521619,Carl Gabriel,Yorke,M,1
521886,Bill (I),Young,M,1
522415,Jim,Youngs,M,1
522807,Diamond,Yukai,M,1
522851,Bernie,Yuman,M,1
524132,Billy,Zane,M,1
525594,Zhang Jin,Zhan,M,1
526627,Donald,Zinn,M,1
529149,Pamela,Abdy,F,1
530401,Kelly,Adkins,F,1
533380,Karen (I),Allen,F,1
533504,Sara,Allen,F,1
533710,Jennifer,Allswang,F,1
534915,Suzy,Amis,F,1
535586,Jo (I),Anderson,F,1
535754,Sharon,Anderson,F,1
536750,Jennifer,Aniston,F,1
537264,Tracey,Antosiweicz,F,1
539150,Rosanna,Arquette,F,1
540103,Jennifer,Aspen,F,1
540321,Nao,Asuka,F,1
541008,Agnes,Aurelio,F,1
541111,Julie (I),Austin,F,1
541435,Wendy Lee,Avon,F,1
541607,Debbon,Ayer,F,1
541702,Rosalind,Ayres,F,1
545489,Jacquie,Barnbrook,F,1
547122,Alexandra,Bastedo,F,1
547276,Bobbie,Bates,F,1
547303,Kathy (I),Bates,F,1
547549,Belinda (I),Bauer,F,1
547741,Lisa,Baur,F,1
549030,Reda,Beebe,F,1
550236,Judith,Belushi-Pisano,F,1
550248,Jackie,Belvin,F,1
551171,Jodi,Benson,F,1
553415,Joanne,Bett,F,1
553953,Valerie,Bickford,F,1
554784,Cecelia Ann,Birt,F,1
555599,Renee,Blaine,F,1
556691,Verna,Bloom,F,1
557226,Petra,Boden,F,1
557743,Citlati Guadalupe,Bojorquez,F,1
558289,Eugenie,Bondurant,F,1
558382,Helena,Bonham Carter,F,1
560216,Dawn M.,Bourn,F,1
560580,Sarah (I),Bowles,F,1
560624,Melodee,Bowman,F,1
560719,Alexandra,Boyd,F,1
562444,Marianna,Breland,F,1
562717,Fannie,Brett,F,1
563536,Meghan,Broadhead,F,1
563537,Mimi,Broadhead,F,1
564927,Tamara (I),Brown,F,1
565166,Carol,Bruce,F,1
566874,Janice,Burchette,F,1
567368,Olivia,Burnette,F,1
568474,Carolyn,Byrne,F,1
569014,Christina,Cabot,F,1
570022,Mhairi,Calvey,F,1
570616,Kimberly (I),Campbell,F,1
572783,Andi,Carnick,F,1
572929,Julia,Carothers Hughes,F,1
573523,Pat (I),Carroll,F,1
573952,Nancy,Cartwright,F,1
574986,Diana,Castle,F,1
575732,Laura,Cayouette,F,1
575999,Suzanne,Celeste,F,1
578075,Charlotte,Chatton,F,1
578128,Violette,Chauveau,F,1
578188,Mykel,Chaves,F,1
583108,Gilda,Cohen,F,1
583693,Barbara,Coles,F,1
583735,Valerie,Colgan,F,1
584127,Nikki (II),Collins,F,1
584158,Teena,Collins,F,1
584471,Holly Marie,Combs,F,1
584867,Nellie,Connally,F,1
585548,Mary Kay,Cook,F,1
586071,Sofia,Coppola,F,1
588021,Evelyn,Cox,F,1
588101,Suzanne,Cox,F,1
589148,Gail,Cronauer,F,1
589158,Christie,Cronenweth,F,1
589358,Caroline,Crosthwaite-Eyre,F,1
589421,Alice Marie,Crowe,F,1
589427,Cindy,Crowe,F,1
589608,Lucia,Cruz Marroquin,F,1
589713,Penélope,Cruz,F,1
590235,Wilma Jeanne,Cummins,F,1
590723,Sorcha,Cusack,F,1
591697,Monica M.,Da Silva,F,1
592087,Yû,Daiki,F,1
593617,Jennifer,Darling,F,1
594265,Lolita,Davidovich,F,1
594542,Allison Pratt,Davis,F,1
595015,Tori,Davis,F,1
595613,Maria,De Aragon,F,1
596318,Holly,De Jong,F,1
596738,Maria,de Lourdes Lombera,F,1
596862,Maria,de Medeiros,F,1
597426,Ruth,de Sosa,F,1
599020,Maria,Del Rosario Gutiérrez,F,1
600416,Katherine,Denning,F,1
600417,Natalie (I),Denning,F,1
602370,Cameron,Diaz,F,2
602511,Kim,Dickens,F,1
602559,Angie,Dickinson,F,1
602571,Misty,Dickinson,F,1
604807,Julie,Donatt,F,1
605730,Diana (I),Douglas,F,1
605742,Illeana,Douglas,F,1
605924,Ann,Dowd,F,1
606081,Dierdre,Downing-Jackson,F,1
606539,Fran,Drescher,F,1
606682,Julie,Dreyfus,F,1
607053,Celine,du Tertre,F,1
608339,Kathleen S.,Dunn,F,1
610382,Sadie (I),Eddon,F,1
610800,Paddi,Edwards,F,1
612605,Jennifer Jane,Emerson,F,1
613134,Sherry,Engstrom,F,1
613315,Jeannie,Epper,F,1
613378,Kathryn,Erbe,F,1
616010,Kim,Falkinburg,F,1
616252,Carol,Farabee,F,1
616440,Anna,Faris,F,1
616663,Gail,Farrell,F,1
617939,Amy,Ferguson,F,1
620283,Carrie,Fisher,F,1
620301,Frances (I),Fisher,F,1
621016,Anne,Fletcher,F,1
621159,Jill,Flint,F,1
621259,Carol,Florence,F,1
621545,Catherine,Flye,F,1
623010,Gloria,Foster,F,1
623022,Janine,Foster,F,1
623436,Jorja,Fox,F,1
623457,Lauren (I),Fox,F,1
623535,Vivica A.,Fox,F,2
624510,Laura (II),Fraser,F,1
624531,Shelagh,Fraser,F,1
624888,Kathleen (I),Freeman,F,1
625635,Roxie M.,Frnka,F,1
626150,Sachiko,Fujii,F,1
626225,Ronnie Yoshiko,Fujiyama,F,1
627035,Elisa,Gabrielli,F,1
627384,Amy,Gaipa,F,1
627711,Lori,Galinski,F,1
627760,Bronagh,Gallagher,F,1
629712,Aimee Amanda,Garten,F,1
629713,Jo Lynn,Garten,F,1
629755,Kathy,Garver,F,1
631024,Kim,Genell,F,1
631318,Barbara,George-Reiss,F,1
633197,Jennifer,Gimenez,F,1
635153,Jenette,Goldstein,F,2
636253,Elizabeth,Gorcey,F,1
636304,Barbara (II),Gordon,F,1
636338,Denni,Gordon,F,1
636385,Joanne,Gordon,F,1
636657,Eydie,Gormé,F,1
637412,Melissa Renee,Graehl,F,1
638626,Ari,Graynor,F,1
639326,Julie,Gregg,F,1
639416,Mary Ethel,Gregory,F,1
639873,Jennifer (I),Griffin,F,1
639885,Kathy,Griffin,F,1
640057,Susan,Griffiths,F,1
640482,Stacy,Grooman,F,1
645491,Rachel,Hammond,F,1
645886,Perla,Haney-Jardine,F,1
645969,Maureen,Hanley,F,1
646020,Daryl,Hannah,F,2
646604,April,Hardcastle,F,1
646623,Marcia Gay,Harden,F,1
646850,Kristina,Hare,F,1
647023,Shalom,Harlow,F,1
647469,Harriet Sansom,Harris,F,1
648036,Oona,Hart,F,1
648040,Pamela (II),Hart,F,1
651551,Carrie,Henn,F,1
652012,Julie A.,Herbert,F,1
653075,Christine (I),Hewitt,F,1
653279,Andie,Hicks,F,1
653798,Jeanne (II),Hill,F,1
653997,Colette,Hiller,F,1
654019,Brenda,Hillhouse,F,1
654457,Toshikawa,Hiromi,F,1
655124,Jackie,Hoffman,F,1
655444,Sarah,Holcomb,F,1
656018,Katie,Holmes,F,1
657456,Jayne,Houdyshell,F,1
657704,Bryce Dallas,Howard,F,1
657711,Cheryl (I),Howard,F,1
657762,Jean Speegle,Howard,F,1
658546,Janet,Huege,F,1
659281,Samantha,Hunt,F,1
659368,Holly,Hunter,F,1
659888,Michelle,Hutchison,F,1
661430,Elizabeth,Inglis,F,1
661973,Susan (I),Isaacs,F,1
663169,Victoria (I),Jackson,F,1
665419,Jane (I),Jenkins,F,1
665680,Kim (I),Jensen,F,1
666662,Scarlett,Johansson,F,1
666956,Fiona,Johnson,F,1
667101,Lady Bird,Johnson,F,1
667210,Nancy (I),Johnson,F,1
667323,Sunny (II),Johnson,F,1
667689,Angela (I),Jones,F,1
667702,Annette,Jones,F,1
668050,Linda (I),Jones,F,1
669471,Aseneth,Jurgenson,F,1
672860,Hiroko,Kawasaki,F,1
673070,Linda,Kaye,F,2
673153,Yuki,Kazamatsuri,F,1
673351,Diane,Keaton,F,1
673358,Caitlin,Keats,F,1
673856,Susan,Kellerman,F,1
673865,Ambrosia,Kelley,F,1
673878,Jennifer Marie,Kelley,F,1
674597,Caroline,Kennedy,F,1
674622,Ethel (II),Kennedy,F,1
674641,Jacqueline (I),Kennedy,F,1
674719,Rose,Kennedy,F,1
675117,Linda,Kerns,F,1
676314,Helen (IV),Kim,F,1
677015,Morgana,King,F,1
677526,Sally (I),Kirkland,F,1
678541,Rebecca,Klingler,F,1
678980,Keira,Knightley,F,1
679813,Larissa,Kokernot,F,1
683457,Wynter,Kullman,F,1
683804,Chiaki,Kuriyama,F,1
683913,Melissa,Kurtz,F,1
683916,Tiffany L.,Kurtz,F,1
685558,Trisha,LaFache,F,1
686422,Catherine (II),Lambert,F,1
687048,Laramie,Landis,F,1
687554,Sue Ane,Langdon,F,1
688004,Kristyn Mae-Anne,Lao,F,1
688902,Laurie,Latham,F,1
689407,Priscilla,Lauris,F,1
691133,Michelle Suzanne,LeDoux,F,1
694110,Lorelei,Leslie,F,1
695024,Lisa (I),Lewis,F,1
695231,Lori,Lezama,F,1
696026,Bev,Lillywhite,F,1
696908,Jeannie,Linero,F,1
697055,Laura,Linney,F,1
697536,Michele (I),Little,F,1
697645,Lucy,Liu,F,2
697788,Tere,Livrano,F,1
698011,Emily Ann,Lloyd,F,1
698334,Anne (I),Lockhart,F,1
698339,Emma,Lockhart,F,1
699052,Amy,Long,F,1
700526,Laura,Lovelace,F,1
700551,Marilyn (II),Lovell,F,1
701044,Vicki,Lucai,F,1
703930,Linda,MacEwen,F,1
704920,Ai (III),Maeda,F,1
706956,Julie,Manase,F,1
708289,Sophie,Marceau,F,1
709207,Louisa,Marie,F,1
709341,Jeanne,Marine,F,1
709423,Mandana,Marino,F,1
710722,Lynne,Marta,F,1
711095,Karen,Martin,F,1
711529,Veronica Janet,Martinez,F,1
712086,Karen,Maruyama,F,1
712567,Maria,Mason,F,1
713211,Debbie,Mathieu,F,1
713832,Lee Anne,Matusek,F,1
715266,Frances Lee,McCain,F,1
715637,Belinda,McClory,F,1
715702,Edie,McClurg,F,2
715823,Catherine,McCormack,F,1
716049,Carolina,McCullough,F,1
716350,Frances,McDormand,F,1
716403,Ellen,McElduff,F,1
716414,Erin,McElmurry,F,1
716748,Mickie,McGowan,F,1
716989,Kinna,McInroe,F,1
718945,Karen,Meisinger,F,1
720001,Yvette,Mercedes,F,1
720751,Laurie,Metcalf,F,1
720752,Mycole,Metcalf,F,1
721048,Amy,Meyers,F,1
722460,Ivana,Milicevic,F,1
722775,Helen (I),Miller,F,1
722891,Lindsey,Miller,F,1
724348,Delaina,Mitchell,F,1
724571,Rhona,Mitra,F,1
726124,Akiko,Monou,F,1
727211,Demi,Moore,F,1
727540,Stephanie L.,Moore,F,1
727611,Mary,Moorman,F,1
728576,Diana (II),Morgan,F,1
728638,Julie H.,Morgan,F,1
729237,E.J.,Morris,F,1
729434,Jennifer (II),Morrison,F,1
729677,Mandy,Morton,F,1
729933,Carrie-Anne,Moss,F,2
730692,Marianne,Muellerleile,F,1
736051,Lulie,Newcomb,F,1
736852,Ada,Nicodemou,F,1
737212,Diane,Nieman,F,1
737316,Espher Lao,Nieves,F,1
737979,Pat,Nixon,F,1
739926,Sally,Nystuen,F,1
740170,Ellen,O'Brien,F,1
740739,Jenny,O'Hara,F,1
741046,Tricia,O'Neil,F,1
742493,Celeste,Oliva,F,1
744930,Camilla,Overbye Roos,F,1
745079,Alexandrea,Owens,F,1
745520,Sonia Angelica,Padilla Curiel,F,1
747988,Sarah Jessica,Parker,F,1
748340,Alibe,Parsons,F,1
750910,Janaya,Pender,F,1
750989,Cheryl,Penland,F,1
751680,Pat,Perkins,F,1
752426,Melissa,Peterman,F,1
756056,Amanda,Plummer,F,1
757495,Catherine,Porter,F,1
757618,Natalie,Portman,F,1
758314,Beata,Pozniak,F,1
758543,Jane,Pratt,F,1
758870,Judy,Prestininzi,F,1
761130,Kathleen,Quinlan,F,1
761233,Ana Maria,Quintana,F,1
762207,Georgia Rae,Rainer,F,1
763064,Mary,Randle,F,1
763718,Lisa,Ratzin,F,1
763862,Elsa,Raven,F,1
764135,Patty,Raya,F,1
764159,Holly,Raye,F,1
765589,Marcia,Reider,F,1
766230,Julene,Renee,F,1
770193,Eliza,Roberts,F,1
770247,Julia,Roberts,F,1
770448,Kimmy,Robertson,F,1
770558,Laila,Robins,F,1
773613,Margot,Rose,F,1
773636,Pam,Rose,F,1
773658,Rochelle,Rose,F,1
773694,Thea,Rose,F,1
774281,Soara-Joy,Ross,F,1
774501,Emmy,Rossum,F,1
775939,Kristin,Rudrüd,F,1
776683,Lucy,Russell,F,1
776772,Zabeth,Russell,F,1
777168,Jeri,Ryan,F,1
778957,Graciela,Salazar Mendoza,F,1
780070,W. Lauren,Sanchez,F,1
782153,Ani,Sava,F,1
783303,Mary Kate,Schellhardt,F,1
784772,Julia,Schuler,F,1
785581,Cynthia Dale,Scott,F,1
785702,Kelli (I),Scott,F,1
786291,Sydney,Sedin,F,1
789381,Natalie,Shedd,F,1
789764,Jessica,Shepherd,F,1
789840,Stacey,Sher,F,1
789872,Ardell,Sheridan,F,1
790575,Talia,Shire,F,1
790698,Pam,Shoaib,F,1
790699,Samia,Shoaib,F,1
791001,Elisabeth,Shue,F,1
791422,Jessica,Siemens,F,1
791868,Patricia,Silva,F,1
791930,Dorothy,Silver,F,1
792242,Erica,Simmons,F,1
793000,Lori,Singer,F,1
793011,Rachel,Singer,F,1
794261,Claire,Slemmer,F,1
794547,Jean,Smart,F,1
795270,Martha,Smith,F,1
795587,Claire,Smithies,F,1
795871,Dana (I),Snyder,F,1
797458,Lisa,Soule,F,1
797667,Sissy,Spacek,F,1
797706,Filomena,Spagnuolo,F,1
799247,Angela,Staines,F,1
799913,Carly,Starr Brullo Niles,F,1
800471,Simonetta,Stefanelli,F,1
800486,Lisa R.,Stefanic,F,1
800701,Shana,Stein,F,1
800785,Nancy (I),Steiner,F,1
801698,Gerda,Stevenson,F,1
801975,Sara,Stewart,F,1
802317,Rose,Stockton,F,1
803695,Maria,Strova,F,1
803705,Ann,Strub,F,1
803742,Lusia,Strus,F,1
803835,Gloria,Stuart,F,1
806043,Julia,Sweeney,F,1
806256,Tilda,Swinton,F,1
807955,Akiko,Takeshita,F,1
809136,Mia,Tate,F,1
809383,Nicole,Taylor Hart,F,1
809465,Christy (I),Taylor,F,1
809607,Joann,Taylor,F,1
812803,Billie Lee,Thrash,F,1
812916,Uma,Thurman,F,3
813694,Natalie,Tjen,F,1
816230,Carmen,Trevino,F,1
816897,Kelly,Trznadel,F,1
817238,Shu Lan,Tuan,F,1
818984,Terri Gay,Ulmer,F,1
819723,Karen,Vaccaro,F,1
820312,Venessia,Valentino,F,2
821935,Musetta,Vander,F,1
821956,Victoria,Vanderkloot,F,1
822281,Rosario,Varela,F,1
824687,Helen,Vick,F,1
826110,Sylvia,Vitrungs,F,1
827985,Alison,Waddell,F,1
827986,Amber,Waddell,F,1
828034,Linda Flores,Wade,F,1
828197,Lori,Wagner,F,1
828431,Linda,Wakeman,F,1
828984,Cornell,Wallace,F,1
831121,Diana Sadley,Way,F,1
831289,Sigourney,Weaver,F,1
831862,Liza,Weil,F,1
832250,Gillian,Welch,F,1
832340,Mary Louise,Weller,F,1
832753,Alexandra,Wentworth,F,1
833636,Jillian,Wheeler,F,1
833865,Cheryl (II),White,F,1
834126,Sharon (I),White,F,1
834815,Dianne,Wiest,F,1
835184,Laurel (I),Wiley,F,1
835271,Lisle,Wilkerson,F,1
835392,Christie,Will,F,1
835808,Kris (III),Williams,F,1
835893,Meadow,Williams,F,1
836217,Rosemary,Willis,F,1
836222,Susan,Willis,F,1
836889,Maud,Winchester,F,1
837049,Sally,Wingert,F,1
837199,Kate,Winslet,F,1
837678,Alicia,Witt,F,1
837687,Elenor,Witt,F,1
837895,Danielle,Wolf,F,1
839275,Carolyn T.,Wright,F,1
840317,Yoshiko,Yamaguchi,F,1
841405,Hyowon K.,Yoo,F,1
